account_1,account_2,account_3,account_4,account_5,account_6,account_7,account_8,account_9,account_10,account_11,account_12,cluster
1270,1247,1985,1422,668,646,1672,579,1792,1212,518,511,3
1095,2070,468,-27,-107,1276,1775,2340,2539,1566,969,1629,1
1272,1356,1972,1439,638,636,1740,496,1813,1230,508,437,3
692,705,1247,919,1844,277,445,808,1563,453,969,680,2
1049,1579,1381,1016,728,999,1022,2280,2443,678,1463,1151,0
632,635,1273,854,1907,146,498,923,1690,512,916,577,0
1166,1267,2023,1540,627,660,1692,579,1829,1185,557,403,3
384,151,1434,18,318,597,1917,708,2271,181,1607,1024,1
674,575,1449,809,1984,255,478,810,1710,377,890,593,1
1170,2031,410,-89,-101,1226,1900,2195,2648,1420,923,1610,1
1082,1535,1400,1039,798,1021,1054,2313,2556,605,1400,1200,0
318,258,1488,123,251,554,1987,693,2267,146,1695,1050,3
627,792,1259,995,1912,197,511,797,1763,373,1045,570,1
1281,1400,1930,1637,486,683,1780,739,1661,1207,553,512,3
1235,1367,1917,1570,646,735,1542,555,1693,1181,505,389,3
643,894,1268,886,1895,135,601,842,1581,423,961,699,2
1130,1781,1471,1102,723,1014,918,2242,2525,773,1376,1200,0
154,1450,566,2285,838,626,705,1982,1372,960,328,1342,2
213,205,1560,155,295,629,1982,608,2241,148,1602,1030,1
676,675,1338,900,1842,119,404,759,1722,463,1015,641,2
377,289,1543,91,336,590,1842,711,2203,151,1645,1170,1
620,695,1379,952,1862,133,473,741,1801,456,953,723,1
1174,2239,435,-140,-135,1298,1918,2249,2617,1480,952,1631,1
199,133,1431,34,238,565,2090,543,2002,201,1651,986,0
329,1448,559,2166,951,586,623,2152,1248,993,334,1380,2
694,810,1354,947,1864,185,607,800,1755,520,962,585,2
1227,1331,2079,1422,634,641,1656,685,1737,1175,513,414,3
333,171,1532,111,185,543,2043,668,2199,157,1719,1052,2
984,1604,1399,1199,805,1013,1030,2351,2492,663,1467,1208,0
1026,1580,1353,1113,631,1042,1088,2289,2481,695,1425,1002,0
389,347,1428,-77,313,647,1990,543,2198,172,1703,967,0
556,834,1349,883,1885,116,474,858,1629,524,998,714,2
1124,2080,468,-133,-118,1284,1897,2269,2414,1472,982,1514,1
619,778,1458,916,1821,301,372,855,1889,457,894,672,2
1133,2263,479,-230,-14,1265,1813,2225,2537,1460,903,1543,1
357,1365,556,2101,959,712,581,2035,1252,1023,329,1269,2
607,816,1327,771,1880,155,521,764,1806,423,943,744,0
321,154,1413,155,160,629,1862,676,2137,173,1707,1099,3
1113,2096,606,-191,-47,1232,1867,2355,2513,1498,943,1582,1
1148,2189,501,-131,-114,1386,1968,2157,2701,1426,975,1635,1
347,205,1457,12,229,566,1935,689,2104,173,1664,1049,2
1244,2107,404,-89,26,1286,1917,2215,2498,1469,988,1577,1
360,1507,538,2040,937,569,711,2096,1299,993,360,1386,2
1303,1354,2106,1596,493,577,1585,633,1710,1143,528,478,3
1130,2077,424,-11,1,1289,1797,2365,2633,1477,940,1655,1
352,83,1470,131,355,545,2040,667,2076,225,1662,1036,1
339,1312,541,2153,913,730,716,2109,1162,1017,348,1319,2
167,194,1485,33,398,608,1951,598,2233,198,1767,1070,1
576,839,1305,896,1874,132,478,710,1704,472,941,673,3
249,1417,530,2240,1032,650,603,2090,1136,1056,399,1289,2
1053,1728,1315,1138,745,977,1088,2273,2566,735,1499,1224,0
1201,2148,448,-96,-83,1359,1924,2241,2633,1507,876,1628,1
1164,1448,2000,1392,561,642,1801,618,1732,1189,569,351,3
1200,1447,2000,1397,619,646,1761,565,1708,1172,638,386,3
1139,1620,1458,1187,908,1024,978,2239,2461,716,1318,1223,0
730,804,1289,697,1870,164,494,717,1743,411,966,611,0
228,1393,628,2092,934,634,725,1968,1218,1088,385,1321,2
1078,1565,1361,981,847,965,848,2212,2458,628,1455,1145,0
571,799,1288,799,1831,100,463,693,1730,367,938,703,0
1140,2066,449,-113,47,1331,1981,2191,2592,1538,957,1666,1
625,764,1354,977,1820,153,398,947,1603,512,884,595,1
342,222,1448,-39,279,514,1967,663,2197,125,1679,1057,3
280,88,1481,-20,199,511,2093,654,2049,155,1696,1043,2
261,1547,574,2148,914,701,595,1978,1112,998,321,1369,2
1247,2223,412,4,-24,1387,1916,2182,2418,1469,1026,1563,1
1122,1616,1288,1054,759,1096,1122,2319,2442,787,1417,1098,0
1183,1649,1356,1108,703,1004,1004,2215,2566,674,1432,1116,0
1136,1666,1400,1070,790,1054,826,2322,2356,726,1402,1216,0
1107,1548,1472,1073,760,1048,1062,2166,2393,666,1422,1145,0
293,216,1479,-74,328,542,2023,751,2218,262,1689,1061,2
586,799,1255,799,1880,139,399,893,1756,421,973,584,3
1052,1553,1436,1076,764,995,1004,2312,2578,681,1349,1260,0
210,1440,600,2231,890,696,762,2038,1187,973,282,1312,2
1230,1438,1967,1386,561,698,1695,553,1626,1106,684,438,3
280,214,1388,67,226,550,1955,620,2127,179,1701,1058,0
1100,1672,1417,1088,699,980,1041,2352,2353,655,1361,1194,0
270,168,1477,143,227,561,2219,665,2125,231,1673,1019,0
303,201,1551,42,199,641,1938,732,2143,135,1650,1003,1
655,787,1324,886,1901,208,618,798,1656,476,935,706,3
1060,2232,426,-12,-21,1326,1855,2313,2624,1343,875,1554,1
1216,1396,2064,1410,631,679,1588,685,1776,1223,598,508,3
1104,1644,1389,1118,764,1053,976,2198,2501,613,1412,1203,0
299,101,1356,97,296,594,2030,594,2013,243,1626,1051,2
339,209,1390,83,237,623,1934,777,2201,196,1672,995,1
203,1411,597,2169,934,587,654,2080,1357,1047,365,1362,2
671,825,1398,772,1866,150,540,748,1647,408,957,637,2
1214,1353,2014,1445,538,695,1701,597,1745,1366,663,413,3
248,1485,459,2244,939,690,736,2131,1079,1078,337,1367,2
1086,2238,510,-55,-126,1336,1871,2254,2468,1356,953,1604,1
341,144,1478,98,325,596,2135,672,2147,187,1620,1000,2
1178,1474,1970,1450,614,715,1696,677,1697,1312,582,323,3
1144,1607,1483,1111,773,1045,1005,2343,2654,689,1396,1133,0
260,142,1318,-39,312,589,1970,692,2093,203,1639,1065,2
665,698,1233,836,1950,240,532,788,1677,487,942,598,1
1243,1474,1980,1501,688,739,1617,601,1745,1298,647,426,3
1140,1509,1521,1255,737,1052,1146,2273,2562,750,1366,1119,0
352,122,1509,54,339,526,1939,731,2175,153,1604,1047,0
1160,2074,372,-134,15,1263,1903,2207,2517,1479,982,1623,1
1125,1637,1403,1274,719,928,1065,2281,2465,637,1390,1162,0
228,1519,568,2207,941,675,526,2164,1224,952,244,1341,2
436,123,1527,34,246,616,1955,724,2320,168,1658,1070,2
218,1423,547,2177,845,687,757,2113,1112,1080,422,1299,2
1173,1338,1934,1526,617,698,1738,681,1722,1221,627,441,3
1204,1489,1985,1461,520,695,1596,667,1903,1239,548,467,3
1054,1558,1400,1047,678,1018,1039,2419,2451,741,1440,1088,0
558,667,1312,909,1816,141,488,697,1654,383,938,704,1
1189,2232,349,-79,57,1379,1880,2179,2553,1389,884,1636,1
1299,1488,1987,1512,526,664,1670,565,1870,1240,600,337,3
233,84,1529,65,367,558,1946,664,2204,235,1698,1140,3
221,1445,493,2114,1037,669,745,2037,1172,904,357,1371,2
1176,2194,389,-87,-22,1303,1851,2356,2697,1505,985,1550,1
1228,2117,350,-196,14,1364,1927,2237,2488,1427,952,1560,1
1133,2140,424,-54,-121,1277,1807,2279,2565,1495,938,1543,1
1016,1615,1370,1014,759,1115,1055,2256,2540,696,1410,1129,0
408,107,1423,246,269,567,1959,655,2201,173,1663,1052,2
1142,2105,534,-39,-99,1256,1843,2162,2581,1447,960,1717,1
577,774,1397,947,1910,113,345,902,1628,380,1039,531,1
1176,2122,511,-57,-172,1384,1862,2207,2640,1421,971,1563,1
260,157,1453,125,256,583,2104,634,2282,172,1690,1037,3
1326,1489,2000,1378,549,651,1687,545,1733,1273,621,421,3
248,1401,569,2215,1025,697,684,2048,1291,978,309,1240,2
1157,1331,1946,1511,580,698,1636,575,1741,1137,549,342,3
271,1416,499,2210,1043,715,751,2057,1186,1052,317,1285,2
1161,1685,1415,1034,721,1061,1099,2362,2469,644,1444,1108,0
1198,2129,565,-107,-134,1331,1880,2113,2520,1419,931,1571,1
269,1386,675,2198,964,724,653,1931,1155,989,312,1318,2
1180,1307,1990,1570,600,655,1636,607,1777,1249,669,402,3
1109,2019,506,-118,33,1312,1831,2317,2618,1292,965,1637,1
524,695,1356,808,1974,153,428,843,1657,416,935,686,3
967,2111,402,-92,-6,1256,1885,2334,2496,1464,987,1616,1
209,1395,536,2170,893,743,499,2051,1174,1004,267,1345,2
265,1417,495,2176,954,631,631,1999,1233,1032,334,1351,2
1095,1632,1329,1089,813,1096,1244,2279,2454,662,1366,1148,0
1183,1281,1992,1434,697,643,1705,591,1660,1218,589,520,3
1165,1504,1386,1199,749,1032,1142,2241,2507,708,1394,1151,0
1115,1594,1383,1091,716,1042,1091,2292,2544,650,1358,1175,0
599,732,1351,876,1826,48,394,690,1643,419,973,692,2
141,1509,561,2031,835,748,712,2071,1072,1009,283,1292,2
1243,1485,2029,1575,627,653,1700,630,1750,1253,564,438,3
1108,1712,1382,1069,772,1126,946,2306,2522,753,1450,1142,0
1145,2172,428,-155,-5,1292,1830,2251,2618,1428,1010,1574,1
311,192,1557,37,262,597,1976,755,2291,143,1665,992,1
654,820,1345,803,1869,157,574,771,1558,509,987,615,0
1138,1620,1337,1099,649,998,1205,2278,2563,687,1423,1188,0
632,775,1441,870,1883,223,507,824,1667,467,932,634,2
1180,2185,323,-85,-5,1320,1875,2150,2507,1537,913,1527,1
306,132,1497,-39,315,607,2006,641,2078,207,1689,966,3
1083,2210,506,-142,-74,1295,1746,2258,2602,1547,908,1677,1
708,877,1277,772,1838,40,519,857,1784,416,1041,567,2
1284,1399,2049,1588,506,662,1573,533,1644,1212,607,480,3
1027,2176,444,91,25,1405,1926,2279,2452,1420,1023,1526,1
1136,1438,1919,1626,637,705,1702,593,1790,1200,559,456,3
1039,2106,444,-45,-82,1356,1889,2205,2715,1462,932,1574,1
1182,1460,2039,1419,582,657,1774,533,1633,1146,518,321,3
1197,2091,403,-151,-47,1392,1918,2282,2528,1408,975,1603,1
1231,1379,2014,1548,533,632,1660,588,1781,1131,554,488,3
1095,2224,482,-72,-29,1434,1904,2167,2651,1391,988,1640,1
1158,1569,1410,1252,707,1114,989,2285,2505,691,1373,1120,0
630,635,1358,737,1822,135,491,877,1689,490,935,696,3
244,1556,592,2160,971,741,554,2027,1159,987,286,1344,2
621,652,1237,736,1864,228,446,787,1580,489,910,664,3
1304,1501,1986,1445,497,678,1723,686,1755,1201,636,454,3
310,139,1508,76,213,647,1982,691,2202,127,1656,1067,1
1167,1629,1386,1124,761,985,1042,2302,2399,737,1454,1118,0
414,221,1488,-44,265,576,1939,748,2239,223,1738,1121,0
1155,1329,1977,1531,659,768,1652,643,1833,1211,630,372,3
264,162,1515,-36,272,614,1910,629,2267,202,1583,1016,1
1133,2148,404,-41,-161,1338,1865,2117,2403,1338,963,1612,1
636,760,1301,868,1897,173,566,939,1626,495,989,612,1
1184,2071,430,-98,-114,1348,1767,2276,2469,1345,944,1628,1
1133,2238,459,-116,-125,1342,1774,2182,2563,1406,907,1603,1
1115,1660,1329,1211,789,1096,1005,2255,2685,633,1403,1213,0
278,1380,517,2150,978,690,678,2115,1158,1084,340,1320,2
1092,2076,407,-73,-58,1358,1878,2219,2504,1422,927,1631,1
240,178,1496,119,372,570,1977,688,2175,160,1615,1055,2
1082,2108,362,-80,36,1359,1859,2255,2450,1417,950,1610,1
1108,2076,520,37,-63,1256,1664,2175,2534,1514,919,1632,1
994,2022,422,-3,-42,1279,1767,2251,2415,1496,949,1518,1
176,183,1469,85,350,590,1999,671,2122,225,1627,1020,0
1192,1414,2070,1538,607,704,1602,645,1767,1196,574,435,3
1066,1692,1407,1077,757,1083,1047,2227,2516,583,1441,1129,0
287,157,1497,45,267,513,1907,822,2225,164,1604,1038,2
1193,1391,1964,1437,715,790,1768,580,1731,1209,597,438,3
1047,1593,1410,1141,762,1016,1120,2412,2537,680,1440,1123,0
224,1457,610,2218,933,674,572,2128,1200,891,312,1263,2
410,21,1480,77,350,610,1886,682,2253,259,1700,1014,2
1227,1354,1924,1475,515,670,1758,668,1692,1281,569,383,3
663,841,1339,876,1913,138,549,792,1727,596,875,714,3
1215,1645,1350,1086,777,1028,904,2407,2497,745,1379,1235,0
1187,1446,1903,1483,631,710,1664,649,1646,1220,606,439,3
1402,1267,2026,1571,608,669,1801,599,1703,1212,574,467,3
1026,2168,418,-165,-42,1332,1865,2235,2577,1488,967,1660,1
348,181,1448,-83,291,707,2038,685,2182,249,1715,996,1
599,630,1321,797,1886,181,534,891,1730,460,1015,637,2
1201,1497,1904,1449,602,676,1682,657,1769,1251,592,376,3
329,117,1462,23,286,565,1950,729,2101,86,1690,1040,3
1199,2081,483,39,0,1410,1961,2331,2670,1450,928,1483,1
652,894,1302,848,1931,134,542,928,1752,446,936,562,1
158,1424,455,2062,988,687,635,2030,1128,995,367,1337,2
210,179,1447,-102,274,556,1964,649,2209,91,1655,1063,1
227,130,1515,123,301,618,2122,748,2117,98,1681,1086,0
1226,1490,1989,1490,663,705,1572,639,1802,1145,618,513,3
700,674,1359,799,1840,214,498,806,1821,470,1006,704,0
205,1474,580,2282,933,655,609,2055,1151,1086,384,1208,2
1201,1391,1996,1526,557,713,1887,505,1722,1143,602,484,3
1184,2075,462,-66,-161,1349,1918,2312,2586,1493,873,1585,1
1179,1588,1376,1257,749,1141,1043,2366,2376,698,1342,1198,0
272,182,1435,-68,400,608,2083,607,2244,108,1652,1002,0
275,82,1420,-3,385,694,2026,788,2192,100,1742,1082,1
1150,1502,2027,1500,749,692,1739,533,1749,1330,615,391,3
312,162,1405,13,320,583,1958,717,2112,142,1739,1006,1
309,1382,542,2080,864,671,590,2004,1197,966,323,1283,2
178,1438,619,2068,1039,710,702,2000,1166,1003,326,1308,2
208,1338,436,2086,904,630,574,2076,1165,1016,293,1400,2
1178,1265,2014,1487,553,698,1569,759,1742,1175,593,473,3
554,796,1280,901,1914,195,514,686,1589,497,928,697,0
191,1325,621,2116,917,597,673,2083,1143,959,247,1342,2
1163,1390,1991,1452,668,703,1717,629,1946,1120,659,303,3
338,64,1513,74,211,622,1808,652,2155,131,1637,1192,1
1200,2236,493,-32,-120,1267,1853,2155,2483,1429,926,1587,1
1235,1410,2136,1443,610,659,1619,693,1793,1224,588,439,3
1251,1330,2008,1447,609,667,1627,543,1751,1129,593,476,3
1212,2060,451,49,5,1371,1707,2234,2499,1510,981,1619,1
1195,2196,436,-151,-90,1235,1802,2229,2575,1420,944,1584,1
262,97,1432,110,299,649,1954,680,2085,144,1674,1081,2
342,1339,622,2194,944,573,668,2026,1204,947,302,1306,2
1087,1681,1385,1186,814,1053,988,2292,2509,791,1340,1145,0
658,877,1292,846,1918,252,615,828,1646,492,975,583,1
360,117,1412,74,305,558,1827,839,2227,193,1732,964,3
1200,2165,366,126,-7,1219,1896,2211,2576,1460,907,1704,1
1022,1574,1360,1146,775,1080,1106,2298,2536,776,1387,1194,0
238,1358,524,2265,1022,676,708,2147,1152,1033,336,1267,2
1028,1681,1410,997,837,1124,1135,2273,2422,747,1391,1218,0
324,1423,625,2290,929,651,642,2046,979,972,338,1328,2
1135,1681,1413,918,689,1056,1025,2436,2578,720,1362,1150,0
1102,2234,367,-97,-162,1340,1777,2340,2577,1468,958,1546,1
151,1461,542,2082,863,661,694,2078,1094,1005,346,1376,2
1197,1254,1929,1487,719,771,1580,596,1680,1192,618,420,3
619,745,1318,856,1847,227,576,799,1720,453,965,628,3
1048,2090,431,-141,-38,1318,1912,2192,2472,1534,947,1635,1
1155,1712,1341,1007,809,935,962,2342,2501,676,1423,1144,0
1149,2074,429,-105,-47,1322,1823,2250,2607,1454,923,1623,1
1205,2120,497,-27,72,1322,1932,2294,2501,1429,885,1521,1
1271,1338,2009,1454,601,752,1706,550,1723,1187,599,371,3
1107,2176,368,-58,-80,1292,1780,2168,2417,1487,936,1614,1
1223,1456,2074,1495,640,723,1657,612,1774,1139,615,594,3
616,731,1371,802,1834,160,477,729,1650,484,901,674,3
1079,1585,1365,1042,780,1027,1036,2181,2544,716,1373,1205,0
1027,1756,1363,1058,863,1104,1185,2338,2438,793,1397,1195,0
291,126,1509,62,341,630,1962,744,2136,139,1672,1012,1
553,800,1322,784,1832,175,348,923,1642,427,968,627,3
1230,1282,1969,1546,644,774,1641,599,1788,1134,536,364,3
301,126,1452,76,352,699,2058,728,2181,115,1672,1032,1
1138,1304,1958,1436,624,761,1712,595,1687,1282,612,488,3
738,711,1327,821,1818,103,400,682,1637,446,952,573,3
598,922,1307,770,1963,172,522,888,1682,419,987,621,0
1078,2069,386,-190,-112,1299,1816,2308,2553,1385,932,1557,1
257,1454,653,2124,913,619,563,2071,1131,1081,300,1395,2
607,751,1338,823,1918,95,443,703,1733,492,983,624,0
1171,2188,525,-167,-29,1352,1837,2264,2583,1373,956,1555,1
1205,1377,1993,1403,603,756,1637,530,1625,1204,593,419,3
289,1487,533,2227,898,638,668,2139,1168,975,377,1243,2
1187,1370,2013,1387,454,736,1604,675,1785,1200,671,469,3
251,1425,585,2210,1004,661,680,2024,1120,1005,359,1344,2
996,1644,1263,1037,750,954,979,2195,2634,699,1432,1140,0
348,151,1523,130,305,656,1899,635,1985,215,1663,997,2
1092,2073,423,52,-32,1290,1952,2222,2677,1408,904,1614,1
281,1384,501,2131,968,611,662,2078,1250,1004,330,1378,2
644,799,1308,735,1799,200,497,748,1829,517,889,684,2
1254,2116,445,-158,4,1275,1738,2290,2504,1480,963,1517,1
296,1393,521,2117,838,593,673,2000,1277,967,329,1294,2
584,744,1320,919,1968,207,554,856,1479,435,923,710,2
630,796,1372,931,1834,182,478,719,1606,441,1002,587,3
1153,1650,1435,1106,730,937,968,2286,2570,719,1403,1137,0
1036,2164,512,-5,-181,1285,1854,2269,2536,1412,971,1668,1
624,806,1332,805,1825,126,552,824,1690,443,942,588,3
340,1367,528,2114,959,562,703,2122,1164,1091,350,1259,2
170,1296,607,2284,975,683,666,2044,1221,1016,295,1381,2
1049,1567,1360,1118,726,967,1004,2150,2554,604,1362,1155,0
1363,1501,2033,1413,634,616,1613,665,1660,1174,604,273,3
1043,1620,1424,1127,816,974,1079,2242,2438,659,1395,1155,0
675,825,1281,892,1859,97,507,769,1576,422,948,655,2
1146,1530,1407,1210,756,987,1114,2322,2548,729,1283,1200,0
294,1248,519,2214,939,590,603,2048,1052,1115,360,1320,2
1312,2137,481,-195,-139,1315,1781,2329,2512,1513,1009,1607,1
304,295,1482,-3,320,596,1932,643,2268,167,1710,1053,3
575,853,1313,835,1797,151,608,858,1645,434,938,611,0
347,159,1577,25,228,565,1938,808,2283,189,1662,924,3
1182,1673,1382,1086,804,1053,1086,2282,2374,684,1386,1187,0
1108,2135,371,-27,-142,1362,1856,2265,2465,1452,1047,1580,1
1111,1622,1461,1128,658,972,1160,2213,2565,676,1401,1145,0
1145,2185,435,-203,-109,1294,1896,2194,2491,1497,1002,1583,1
1203,1497,1940,1276,598,745,1706,604,1788,1165,545,402,3
1054,2144,400,-230,-83,1280,1918,2271,2583,1403,977,1622,1
1164,1426,1958,1497,599,718,1738,613,1975,1131,609,494,3
289,1327,585,2128,933,713,645,1997,1185,1011,314,1375,2
1141,2149,436,-188,24,1389,1786,2270,2493,1398,946,1699,1
1125,2094,439,78,-25,1384,1831,2205,2515,1485,856,1549,1
162,1529,512,2055,1016,647,696,2081,1111,937,400,1349,2
179,1375,505,2050,897,650,467,1902,1130,1071,272,1308,2
1182,1375,2061,1407,714,693,1706,631,1778,1306,654,379,3
142,1364,572,2086,920,731,795,2037,1260,1032,366,1340,2
291,1525,527,2189,927,631,524,2042,1244,1073,336,1334,2
220,1395,492,2148,987,739,667,1999,1244,1048,385,1425,2
1319,1492,1920,1386,582,772,1661,586,1731,1195,588,374,3
672,806,1194,890,1841,157,421,806,1724,505,861,619,2
1073,1685,1376,1110,721,1089,1072,2286,2556,722,1417,1236,0
586,754,1260,835,1890,183,541,801,1714,418,924,615,3
610,850,1377,791,1770,123,535,740,1686,481,921,597,0
1154,2193,376,95,-66,1298,1889,2306,2466,1469,916,1578,1
1194,1334,2015,1511,631,696,1823,549,1648,1219,590,435,3
232,1440,558,2151,958,609,634,2017,1101,1004,249,1171,2
996,1669,1285,1147,694,1076,1056,2298,2426,655,1417,1184,0
1070,1554,1419,1067,781,1017,1085,2225,2570,717,1370,1295,0
1396,1332,1933,1338,618,638,1722,614,1757,1155,623,454,3
150,1452,502,2103,970,641,744,2126,1200,1027,319,1329,2
627,689,1291,901,1892,269,446,823,1689,407,967,632,3
1148,1393,1988,1541,644,642,1583,716,1738,1198,570,408,3
1146,1659,1358,1053,717,983,1230,2149,2550,621,1404,1099,0
1126,1590,1360,1148,692,1046,1109,2365,2498,764,1452,1098,0
269,142,1575,95,270,563,1876,691,2153,208,1672,1131,3
315,1429,551,2137,1006,649,575,2042,1319,1007,352,1297,2
333,143,1506,134,381,559,1944,755,2272,231,1650,1038,3
1199,1412,1941,1503,615,651,1699,679,1660,1294,605,425,3
1006,1493,1387,1042,742,1000,995,2255,2560,740,1424,1099,0
1105,2101,472,-73,-135,1357,1946,2284,2593,1337,908,1631,1
1238,1391,2177,1434,675,720,1587,599,1654,1251,484,378,3
647,789,1402,962,1927,207,524,787,1618,423,1024,654,0
262,1454,496,2182,946,694,598,1961,1207,1031,337,1366,2
1067,1790,1333,1055,610,1046,905,2251,2484,652,1481,1206,0
1177,1553,1446,1155,794,1083,985,2258,2573,547,1472,1182,0
623,858,1352,954,1880,183,463,901,1566,436,967,553,1
334,203,1454,49,174,559,1984,614,2319,135,1648,1028,3
1206,1648,1395,1171,768,1065,1050,2238,2427,636,1351,1094,0
1308,1469,2053,1396,660,696,1598,612,1622,1197,589,461,3
314,255,1485,-85,411,578,1959,726,2030,223,1703,1050,2
1087,1321,2021,1521,588,664,1708,595,1641,1201,546,504,3
230,1415,635,2112,893,698,679,1971,1248,1129,312,1279,2
1112,1552,1436,1227,605,1075,889,2308,2601,694,1355,1120,0
633,670,1415,833,2010,178,377,721,1720,507,916,578,1
425,37,1472,36,317,577,1915,729,2177,240,1692,1087,0
1088,1692,1556,1131,666,1094,1029,2244,2522,623,1418,1147,0
1192,1376,2026,1425,633,639,1597,642,1713,1249,575,503,3
238,1435,562,2178,1037,619,713,2023,1160,1015,269,1277,2
138,1457,635,2126,958,638,601,2028,1072,1085,326,1364,2
1025,1594,1441,1111,711,1108,1071,2144,2530,718,1418,1176,0
310,96,1469,-49,394,548,1939,618,2212,237,1772,981,2
1237,1403,2029,1604,588,689,1618,583,1677,1168,512,370,3
1317,1328,2051,1373,745,710,1593,604,1676,1068,545,485,3
128,1427,549,2120,995,742,568,2039,1219,981,237,1300,2
1018,1475,1349,1130,777,1084,1071,2388,2488,641,1338,1104,0
1155,2025,303,-16,-21,1372,1870,2359,2538,1409,820,1602,1
193,1497,606,2069,1012,725,656,1917,1248,935,357,1367,2
373,197,1551,67,366,563,1934,732,2207,233,1732,918,0
1241,1356,2029,1352,544,712,1767,606,1760,1152,669,478,3
989,1646,1359,1117,810,1041,1114,2372,2536,753,1395,1152,0
1147,2043,414,12,-170,1322,1851,2251,2584,1542,969,1573,1
364,1376,636,2247,985,664,682,2021,1143,983,338,1300,2
304,223,1487,141,328,573,2089,555,2129,118,1653,1052,1
706,770,1307,941,1797,216,529,781,1692,481,933,684,0
209,1480,533,2058,1016,750,651,2080,1321,1051,375,1350,2
178,1434,547,2082,911,603,486,2058,1267,1111,280,1428,2
234,1456,666,2164,887,648,633,2040,1042,1005,297,1298,2
623,660,1232,753,1925,159,486,845,1529,541,954,607,3
272,166,1451,204,348,601,2032,624,2305,296,1659,1074,1
711,833,1300,853,1842,130,419,866,1625,389,994,587,0
628,935,1336,899,1948,177,472,849,1796,439,982,666,1
1144,1648,1341,1031,700,1033,1039,2234,2459,608,1426,1150,0
524,844,1251,904,1900,106,415,813,1841,500,908,685,0
1244,1381,1997,1435,735,687,1734,582,1669,1196,584,436,3
238,1579,538,2167,887,630,536,2224,1231,1021,282,1213,2
1371,1432,2010,1388,566,654,1813,571,1615,1257,631,427,3
612,718,1358,902,1922,201,426,783,1815,455,985,688,3
667,821,1274,835,1901,222,386,768,1859,466,950,638,0
585,754,1348,760,1966,156,320,873,1602,404,925,629,1
321,233,1558,114,290,590,1964,716,2268,106,1692,943,1
1181,1281,1971,1479,566,729,1663,637,1623,1183,542,513,3
720,757,1296,772,1803,218,563,862,1713,524,1014,560,2
136,1473,552,2114,867,629,466,2085,1197,1051,276,1280,2
608,852,1428,790,1964,173,509,847,1715,404,950,628,3
535,716,1293,711,1903,40,456,843,1782,376,940,623,3
1215,1423,2039,1388,636,659,1642,577,1852,1188,540,444,3
322,145,1480,-25,311,552,1930,698,2195,261,1707,1037,3
1279,1303,2009,1617,643,742,1763,619,1675,1215,613,453,3
1139,1605,1378,1201,680,998,1022,2289,2502,675,1406,1146,0
449,256,1600,76,199,484,1975,601,2100,99,1674,994,1
290,225,1474,118,353,515,1946,710,2226,183,1698,1100,0
1184,1340,2001,1324,647,675,1713,637,1817,1197,549,483,3
294,1573,472,2136,1001,677,655,2103,1124,954,296,1384,2
330,183,1416,-17,245,645,2027,768,2056,211,1679,1163,0
573,803,1317,639,1778,162,505,799,1642,452,910,642,1
1283,1393,1937,1429,765,797,1697,683,1843,1132,623,421,3
251,1431,558,2151,1022,657,704,2005,1186,1016,368,1280,2
642,714,1268,894,1962,185,496,757,1664,546,830,731,1
1270,1429,2069,1487,643,689,1728,476,1792,1249,670,357,3
539,757,1287,937,1845,181,481,829,1670,460,994,676,1
646,950,1396,947,1752,214,454,865,1582,494,922,579,2
289,1464,531,2324,910,692,574,2016,1159,1124,331,1322,2
1130,1368,2141,1405,647,727,1633,598,1719,1218,610,336,3
588,757,1345,831,1821,171,455,789,1706,451,932,573,1
698,714,1295,934,1719,239,603,869,1711,500,884,656,3
1140,2107,407,-7,-39,1321,2045,2252,2633,1408,889,1562,1
611,757,1298,759,1936,158,627,890,1820,399,1023,560,3
327,1319,632,2200,833,726,555,2095,1140,1012,345,1300,2
1113,1587,1481,1086,738,1070,1074,2275,2447,706,1452,1178,0
1204,1505,1997,1473,678,755,1526,656,1632,1202,581,481,3
707,756,1235,904,1779,200,511,763,1768,536,921,634,1
1093,1576,1437,1156,702,976,1088,2251,2513,775,1430,1105,0
280,284,1448,98,344,543,1866,732,2135,146,1672,1016,3
1179,1444,1963,1499,548,698,1700,685,1768,1243,586,430,3
517,798,1286,851,1932,158,527,826,1771,385,945,669,2
273,171,1512,27,301,565,1943,698,2199,117,1647,1046,3
1218,1613,1396,978,704,1043,1076,2321,2506,719,1427,1053,0
1004,1580,1431,1064,688,1131,1053,2249,2374,730,1438,1136,0
231,1523,563,2329,1005,648,733,2052,1342,1028,323,1317,2
329,225,1439,-10,347,574,2002,645,2239,192,1766,969,3
1170,1386,2091,1472,592,742,1562,692,1628,1219,620,406,3
322,160,1514,110,291,621,2080,613,2203,135,1630,945,3
342,79,1393,108,274,697,1898,850,2235,272,1712,1078,3
703,737,1489,887,1890,189,490,807,1657,471,916,592,0
356,147,1494,127,334,668,2025,647,2116,99,1650,1099,2
1139,1674,1349,1192,761,1100,1195,2265,2474,644,1402,1131,0
642,819,1337,963,1963,187,508,835,1693,444,968,682,0
1089,2164,401,-127,-72,1383,1933,2174,2763,1421,898,1653,1
542,878,1398,934,1801,186,554,800,1661,508,914,676,2
392,164,1456,77,380,611,2047,597,2086,113,1717,971,1
424,236,1477,111,232,517,1982,746,2046,239,1662,1092,3
1243,1398,2049,1530,617,736,1614,536,1593,1169,620,478,3
264,-1,1483,20,206,675,1875,581,2161,212,1699,1123,3
1225,1477,2084,1447,759,670,1741,607,1803,1215,605,452,3
641,749,1356,720,1786,147,581,872,1680,433,950,683,2
353,44,1407,-30,266,576,1892,769,2190,98,1632,1029,2
184,1360,510,2044,1024,680,712,2153,1288,1047,309,1352,2
1261,1357,2005,1531,646,704,1778,536,1581,1166,600,472,3
168,1446,523,2157,970,621,812,2013,1247,1019,330,1321,2
685,774,1321,914,1945,220,441,792,1659,460,976,676,3
1137,2080,396,-86,-142,1303,1840,2165,2519,1393,998,1592,1
1128,2098,423,-119,-15,1285,1877,2244,2556,1387,1005,1593,1
1120,2086,500,-83,-32,1330,1836,2242,2678,1397,978,1550,1
587,933,1304,704,1863,125,548,833,1570,455,892,625,3
1205,2170,371,-141,-16,1424,1772,2241,2566,1356,966,1600,1
1237,2211,417,-40,-69,1389,1943,2274,2612,1474,995,1634,1
1266,1474,1987,1445,675,643,1737,642,1775,1239,557,443,3
1069,1360,1920,1492,692,658,1784,643,1795,1251,611,382,3
348,259,1453,101,289,488,1851,706,2184,261,1660,1093,3
599,780,1329,855,1941,124,503,759,1702,504,947,669,1
1135,1363,1930,1389,661,718,1764,599,1832,1212,570,362,3
1257,1342,1978,1493,610,718,1664,620,1691,1257,627,438,3
301,1279,574,2127,1021,666,581,2057,1084,1123,317,1349,2
1270,1360,1980,1439,628,685,1523,765,1760,1227,608,455,3
1049,1583,1440,1074,724,1009,1063,2260,2381,642,1369,1219,0
306,1418,535,2286,940,701,613,1955,1146,1060,334,1269,2
1082,2041,443,-110,13,1402,1866,2341,2546,1415,949,1656,1
305,1456,518,2218,926,790,599,2114,1107,1052,307,1242,2
264,1475,530,1968,917,763,567,1985,1202,1024,297,1311,2
426,200,1522,230,298,558,2044,660,2244,66,1696,1045,2
619,773,1326,923,1789,184,456,897,1711,563,958,705,0
1166,2117,457,-36,-67,1356,1992,2283,2570,1445,904,1549,1
1070,1719,1436,1170,797,1049,1168,2306,2524,699,1417,1090,0
706,786,1349,842,1782,144,565,799,1735,375,968,591,0
1092,1553,1377,1199,749,1028,1104,2296,2505,764,1474,1185,0
356,225,1498,63,176,662,1828,659,2232,206,1612,1057,1
1186,2122,489,106,-70,1391,1753,2302,2549,1427,939,1597,1
967,1571,1350,1123,772,974,1115,2392,2489,775,1417,1259,0
1181,1378,1973,1517,483,716,1667,606,1726,1089,624,434,3
1173,1412,2032,1541,642,653,1667,557,1639,1287,623,433,3
594,558,1289,668,1851,131,513,814,1638,478,876,600,1
1240,1352,1953,1553,643,707,1638,670,1490,1222,629,473,3
353,360,1492,216,274,518,1936,661,2246,149,1652,1043,0
1053,1619,1246,1027,726,968,976,2257,2377,668,1386,1153,0
215,1440,558,2188,909,648,722,1963,1133,975,322,1315,2
641,714,1332,830,1800,191,636,722,1621,530,901,553,0
1235,2071,449,-66,-116,1351,1896,2165,2640,1326,921,1657,1
242,340,1412,-39,229,607,2134,792,2251,196,1696,1059,2
1145,1583,1334,1085,746,1052,1213,2281,2431,672,1389,1178,0
338,262,1475,51,254,612,1977,681,2288,147,1631,1145,1
725,758,1436,835,1909,210,476,688,1743,454,988,633,0
1222,1351,2012,1507,628,708,1611,625,1751,1193,649,343,3
1022,1619,1457,1059,826,1018,1064,2289,2615,699,1360,1081,0
1187,1464,1410,1139,831,955,1039,2288,2467,756,1394,1262,0
1163,2053,459,47,-60,1350,1897,2192,2662,1531,976,1609,1
310,106,1414,22,223,550,1869,756,2111,144,1690,964,1
681,787,1363,831,1883,194,369,808,1765,490,980,670,3
1008,1648,1394,1166,890,1079,984,2351,2403,665,1406,1245,0
1172,2087,335,-26,-52,1265,1952,2290,2555,1370,887,1588,1
1144,2179,462,-47,-8,1304,1848,2284,2578,1427,1002,1535,1
1071,2112,633,107,-51,1416,1864,2237,2392,1387,913,1611,1
759,901,1424,883,1976,106,419,741,1780,436,950,547,1
1044,2145,443,-103,-59,1261,1761,2248,2492,1438,981,1596,1
1290,1301,2071,1423,753,687,1666,666,1629,1219,552,469,3
1064,2147,358,-81,-198,1292,1756,2216,2512,1402,980,1557,1
616,862,1293,772,1808,135,671,903,1753,511,926,614,2
1171,2180,301,-152,-53,1405,1924,2354,2503,1453,900,1583,1
1118,2184,441,105,-37,1288,1926,2305,2630,1379,940,1666,1
505,790,1324,902,1943,283,297,759,1781,508,987,504,3
288,-21,1406,90,301,619,1924,758,2255,224,1629,987,3
1090,2037,487,-118,-171,1400,1769,2287,2559,1454,922,1625,1
1134,2149,488,-145,-157,1385,1796,2199,2560,1401,879,1607,1
1075,1599,1444,1168,786,956,1048,2239,2527,685,1447,1169,0
1149,1413,2041,1555,703,683,1619,668,1689,1116,670,404,3
327,1451,616,2047,974,740,632,2131,1292,1057,397,1296,2
510,710,1324,736,1880,78,441,762,1847,387,932,681,2
202,1522,470,2362,849,673,619,2001,1239,1080,319,1377,2
1217,2136,460,-5,59,1355,1863,2188,2568,1494,956,1563,1
1025,1637,1370,1026,650,1009,1176,2266,2577,687,1445,1053,0
1175,1661,1414,1148,759,1076,1018,2289,2564,721,1358,1125,0
306,126,1512,150,394,680,1885,673,2171,175,1573,1043,2
216,1413,602,2099,897,679,591,2085,1114,1105,354,1315,2
166,1480,606,2224,925,639,541,2140,1203,1108,315,1404,2
1094,1522,1365,1043,691,973,1083,2289,2471,655,1407,1210,0
1069,1680,1311,1269,718,1008,1124,2326,2697,679,1403,1072,0
1303,1264,2008,1526,623,670,1750,485,1729,1201,598,391,3
260,1532,505,2122,839,606,614,2023,1325,1029,315,1337,2
1185,2156,469,-143,-73,1353,1806,2338,2484,1422,904,1489,1
1195,1279,1988,1402,598,752,1763,686,1776,1179,613,339,3
1217,1297,2029,1379,696,673,1619,498,1668,1305,623,410,3
272,1453,617,2189,964,670,736,2020,1136,1024,325,1299,2
1203,1433,2070,1378,667,653,1757,594,1777,1291,523,440,3
222,1538,520,2213,912,587,532,2019,1235,1058,316,1345,2
197,1379,572,2206,936,604,643,2194,1230,933,286,1317,2
1172,1358,2006,1570,625,728,1679,658,1726,1273,534,391,3
1035,2085,351,-146,-120,1392,1851,2188,2464,1446,946,1678,1
236,1459,645,2016,868,663,685,2036,1256,861,228,1281,2
643,778,1384,929,1914,220,398,793,1708,477,962,559,3
1099,2159,486,-4,-51,1390,2075,2204,2485,1520,956,1611,1
450,138,1555,45,302,585,2043,653,2200,62,1643,1027,3
1255,1367,1945,1473,486,680,1668,604,1676,1233,572,386,3
220,1500,558,2042,956,685,543,1986,1135,1037,311,1190,2
1010,2238,381,-173,-34,1359,1921,2217,2544,1399,891,1663,1
1247,1292,2035,1452,624,693,1837,610,1800,1340,612,532,3
363,180,1499,157,351,692,1915,802,2151,152,1679,985,2
250,1360,641,2131,1032,637,705,2063,1194,972,377,1334,2
156,238,1394,93,374,528,1994,655,2307,182,1666,945,3
1216,1402,1909,1487,600,651,1620,517,1721,1254,553,370,3
689,577,1328,843,1866,183,439,851,1659,423,915,602,2
1154,1605,1418,1189,770,981,1072,2363,2451,682,1390,1252,0
1206,1280,1979,1465,636,624,1648,665,1759,1215,623,411,3
250,158,1450,139,381,602,1837,682,2186,144,1646,1064,2
347,1376,485,2113,953,621,595,1972,1120,1042,364,1333,2
1169,2169,414,-76,-35,1356,1785,2197,2448,1411,980,1634,1
268,89,1378,63,308,594,1983,677,2035,138,1609,1028,1
1125,2047,491,-253,-195,1350,1862,2211,2521,1467,929,1546,1
194,1433,559,2169,921,662,543,2031,1140,1026,342,1312,2
398,175,1470,112,249,578,2003,689,2083,111,1708,1035,0
309,1408,549,2246,913,657,681,2113,1203,867,341,1295,2
240,1359,554,2115,971,644,630,1983,1269,1004,281,1454,2
192,1413,523,2079,953,716,621,2024,1200,1065,304,1237,2
282,93,1425,-5,215,612,2054,663,2211,226,1742,989,3
241,1417,604,2249,1005,649,676,1921,1201,1043,333,1300,2
1031,1614,1470,1055,713,1019,1070,2315,2604,717,1406,1220,0
750,787,1247,801,1929,101,454,925,1715,369,928,659,3
1296,1513,2070,1459,612,626,1544,644,1870,1300,539,442,3
180,252,1468,-35,276,593,1921,732,2195,148,1671,1006,3
1050,1634,1401,1149,735,1038,968,2262,2549,738,1391,1158,0
1260,1411,2076,1456,627,740,1663,668,1777,1241,567,519,3
180,1491,629,2147,880,531,682,2177,1151,1048,310,1279,2
1145,2231,456,-113,-54,1276,1859,2214,2478,1460,1055,1695,1
1033,2151,352,-61,-77,1366,1800,2256,2436,1481,941,1632,1
1017,2011,445,-44,-6,1330,1760,2191,2608,1446,973,1628,1
1171,1603,1383,997,760,1059,1067,2367,2510,706,1478,1068,0
255,1383,475,2112,848,703,814,2109,1164,1024,375,1279,2
1351,1417,2049,1411,628,777,1796,614,1731,1177,580,455,3
1253,1386,1989,1370,614,772,1716,588,1741,1261,595,446,3
1205,1419,2025,1522,690,758,1668,628,1738,1137,568,488,3
1119,1582,1410,1109,688,990,1108,2173,2553,602,1319,1053,0
253,300,1435,99,410,620,2001,828,2115,76,1640,1003,3
1029,2054,303,-98,-80,1313,1863,2191,2473,1537,932,1654,1
1122,2174,289,-147,-79,1309,1892,2301,2584,1405,882,1635,1
1207,2034,377,-54,-169,1304,1801,2260,2511,1547,985,1559,1
374,1,1442,63,304,527,1920,683,2218,139,1666,1005,2
1103,1658,1363,1146,669,1113,1042,2243,2558,665,1352,1079,0
233,1394,539,2211,914,582,590,2016,1173,957,313,1264,2
322,1341,534,2098,997,686,679,2198,1313,1018,318,1234,2
1188,2213,385,-37,-143,1350,1946,2231,2628,1377,909,1598,1
660,832,1375,781,1963,221,453,852,1732,590,1005,593,1
603,723,1324,792,1929,156,525,741,1761,492,986,721,3
1267,1396,1899,1370,549,673,1639,657,1848,1222,595,407,3
553,798,1311,854,1923,148,458,818,1749,373,916,628,1
1055,2176,396,-153,-105,1310,1875,2280,2470,1413,890,1422,1
1192,1362,1987,1550,638,697,1783,508,1667,1247,633,384,3
243,1423,543,2140,832,692,612,1960,1262,971,362,1272,2
619,779,1278,695,1872,126,536,825,1643,431,904,669,3
187,1490,444,2240,1048,681,698,2047,1105,1096,289,1431,2
344,1435,600,2128,946,629,685,2002,1163,1035,345,1340,2
1097,2119,406,-80,-130,1298,1749,2187,2599,1427,1009,1573,1
1136,2195,348,5,-104,1313,1808,2245,2396,1408,924,1673,1
199,1467,554,2306,855,644,598,1975,1176,1069,296,1311,2
1361,1430,2035,1542,652,664,1625,641,1772,1257,590,532,3
165,1537,516,2068,934,628,656,1977,1303,952,323,1315,2
1112,1698,1433,1197,692,1101,951,2251,2539,682,1366,1108,0
645,883,1358,787,1845,153,448,848,1699,400,902,622,2
250,109,1467,-5,249,606,2019,759,2088,151,1657,906,2
1012,1755,1271,1226,844,994,1081,2316,2442,612,1353,1181,0
342,1285,610,2175,1015,710,594,1989,1108,1032,287,1260,2
354,119,1488,51,347,607,1994,734,2207,103,1755,1026,3
1016,1613,1344,1113,693,1096,988,2230,2511,632,1391,1107,0
301,91,1552,81,336,577,1966,690,2118,78,1723,1092,1
1155,2230,469,-40,-120,1271,1871,2212,2543,1450,918,1632,1
1116,1517,1368,1051,687,1114,993,2252,2534,760,1429,1301,0
642,847,1305,756,1850,139,466,800,1556,396,968,628,2
1138,1352,2041,1538,581,799,1540,601,1788,1182,555,498,3
257,1616,576,2175,879,583,709,2025,1126,1054,301,1350,2
1063,1641,1253,1204,748,945,1024,2320,2381,690,1364,1122,0
703,781,1326,847,1896,138,433,793,1726,419,983,705,3
1215,1328,2001,1463,668,651,1626,623,1747,1218,514,485,3
1124,1572,1410,1250,697,1042,931,2367,2474,732,1336,1249,0
1200,1189,1945,1581,615,706,1667,645,1783,1238,644,457,3
258,1397,579,2178,1066,619,643,2040,1293,1009,272,1222,2
1058,1632,1417,1097,775,1014,980,2369,2700,782,1414,1251,0
152,1472,441,2180,955,651,537,1997,1123,960,286,1389,2
1125,2152,458,-209,-82,1289,1857,2208,2557,1386,922,1573,1
592,762,1426,727,1904,189,369,825,1742,435,959,600,2
1193,1401,2124,1608,611,744,1802,744,1825,1211,609,417,3
412,58,1545,73,284,508,1985,677,2232,183,1653,1110,0
493,556,1304,869,1854,181,557,891,1711,563,996,683,2
1259,1441,1978,1367,657,714,1675,672,1874,1153,729,423,3
1070,2158,433,-112,-144,1324,1917,2110,2514,1560,974,1619,1
1118,2136,418,-164,-35,1303,1943,2238,2554,1328,893,1656,1
1267,1299,2020,1456,709,693,1645,590,1663,1130,542,459,3
1203,1671,1351,1086,754,1002,1055,2330,2503,708,1446,1137,0
396,67,1483,85,330,655,1969,794,2029,201,1624,1078,1
540,847,1353,794,1825,116,563,874,1723,443,963,614,0
294,248,1557,225,183,532,1875,719,2265,222,1729,999,2
346,208,1453,64,187,588,2114,788,2291,141,1616,1007,1
285,134,1409,77,222,581,1921,702,2139,229,1667,993,2
313,224,1467,18,257,617,1981,693,2060,70,1709,1031,3
1073,2178,487,-128,-47,1369,1875,2183,2430,1493,967,1636,1
557,755,1324,867,1829,167,432,769,1757,483,938,690,1
1197,1400,2028,1516,647,762,1658,723,1753,1167,608,429,3
1111,1631,1414,975,744,1045,978,2384,2518,775,1375,1103,0
1099,1630,1360,1138,796,1020,1153,2371,2472,656,1339,1145,0
1145,1520,2075,1498,637,687,1615,593,1765,1328,632,354,3
1093,1635,1400,1229,778,1028,982,2298,2615,668,1431,1165,0
328,1538,516,2112,827,673,607,2058,1121,1060,341,1250,2
1097,1994,402,-89,-27,1332,1757,2292,2535,1465,987,1682,1
1053,1557,1380,1065,815,982,968,2257,2467,794,1448,1157,0
1248,2049,403,-77,9,1275,1791,2110,2510,1475,991,1624,1
308,1542,601,2090,951,629,602,2020,1182,1035,414,1325,2
300,126,1410,60,298,647,1972,728,2125,152,1666,1027,3
1182,1369,1979,1568,708,647,1526,566,1578,1255,629,475,3
678,758,1385,911,1883,208,566,855,1644,392,932,704,3
1111,1733,1439,1158,704,980,993,2376,2501,666,1401,1197,0
702,693,1360,949,1862,127,434,879,1741,508,913,613,3
415,101,1483,35,203,566,2044,693,2207,216,1718,1008,0
1144,2254,428,-153,-171,1298,1741,2290,2605,1391,972,1574,1
992,1642,1429,1121,736,995,946,2332,2481,678,1481,1189,0
1032,2172,430,-14,-8,1224,1836,2200,2556,1334,900,1659,1
1250,1406,2112,1451,522,686,1747,663,1747,1198,627,479,3
573,736,1298,943,1883,223,496,860,1798,412,973,580,2
579,900,1274,960,1894,223,535,893,1598,371,971,580,0
562,591,1363,776,1877,149,378,839,1662,401,966,610,3
181,1573,502,2142,845,542,708,2054,1051,935,374,1304,2
1170,1515,1298,1230,876,1056,1058,2323,2455,699,1410,1186,0
1169,1571,1394,1124,804,1021,1001,2361,2321,691,1352,1111,0
1120,1627,1467,1251,803,1061,899,2291,2495,695,1448,1004,0
323,57,1393,29,349,553,2073,658,2211,146,1686,1119,1
396,169,1553,58,164,576,2047,665,2261,145,1643,1142,2
1176,1341,2037,1542,619,652,1661,676,1789,1152,604,424,3
284,1414,618,2227,922,699,626,2054,1270,1155,268,1294,2
1121,1396,1995,1344,507,700,1778,647,1669,1231,560,309,3
230,1491,635,2130,943,707,597,2073,1251,965,262,1321,2
621,697,1381,913,1888,145,395,897,1575,408,1025,609,1
1250,1445,2001,1438,621,641,1641,706,1817,1328,564,572,3
1082,1603,1374,1108,760,975,1033,2375,2476,666,1454,1014,0
259,1402,545,2143,961,718,587,2097,1249,1037,372,1317,2
1076,1656,1393,1097,848,954,1072,2338,2503,684,1402,1086,0
558,837,1291,823,1828,109,425,850,1640,475,964,685,1
414,119,1558,64,405,623,1939,703,2124,213,1636,1023,0
310,81,1549,90,282,516,1975,736,2181,184,1678,946,3
1166,1641,1427,1056,754,1040,1006,2234,2389,771,1368,1225,0
1388,1300,1986,1577,589,764,1752,621,1720,1258,562,473,3
306,108,1522,102,257,538,1954,650,2226,70,1648,1141,1
560,940,1306,838,1980,162,423,728,1687,529,946,577,3
150,1494,558,2149,938,682,631,2002,1075,1040,263,1372,2
1224,1356,2049,1508,686,658,1636,611,1763,1295,494,380,3
597,782,1341,898,1880,141,685,889,1752,492,932,543,2
368,1439,590,2241,938,707,725,2049,1408,929,294,1249,2
259,1351,599,2199,976,650,753,2083,1124,940,294,1184,2
1085,2212,441,-149,-76,1276,1940,2323,2642,1377,942,1583,1
1100,1653,1389,1095,718,1020,1141,2158,2509,672,1470,1155,0
693,743,1293,859,1999,100,602,867,1794,530,949,669,2
257,181,1453,198,234,670,1879,704,2223,217,1637,1004,1
1191,1421,2043,1454,705,673,1683,583,1714,1209,615,471,3
462,261,1630,-29,186,594,1989,709,2230,187,1660,1073,0
1057,2157,444,-45,-41,1323,1957,2231,2487,1435,906,1580,1
114,1415,611,2159,859,731,666,2095,1221,1160,334,1269,2
317,120,1531,109,215,629,1962,547,2233,84,1728,1042,0
596,766,1305,834,1870,190,548,830,1602,471,939,591,0
973,2042,429,-169,-99,1262,1880,2245,2507,1514,1009,1635,1
422,242,1424,42,399,579,2149,709,2314,196,1638,1104,0
1102,1638,1351,1088,707,1016,992,2180,2519,668,1340,1177,0
1173,1391,1981,1483,583,656,1735,585,1703,1196,542,408,3
295,213,1435,122,288,553,2000,679,2173,157,1673,1042,0
178,1448,557,2167,900,702,622,1950,1198,1053,332,1319,2
249,186,1420,-61,360,508,1982,904,2243,139,1642,1057,2
1089,2174,409,-68,-84,1353,1854,2260,2342,1444,963,1594,1
1198,1638,1418,1204,833,1054,1082,2248,2508,644,1378,1104,0
252,1414,448,2166,957,620,660,2064,1144,1017,361,1328,2
1056,2138,482,-116,-16,1460,1861,2279,2560,1491,874,1548,1
593,880,1287,842,1894,250,414,734,1657,566,972,643,3
1094,1565,1424,1097,703,955,1070,2241,2504,664,1448,1181,0
1111,1496,1397,1124,808,1067,1020,2218,2639,647,1365,1093,0
613,872,1375,976,1829,201,501,849,1805,438,1024,596,2
1137,1369,2050,1383,690,655,1567,698,1694,1157,654,362,3
340,-14,1400,92,342,518,2060,639,2103,137,1627,1049,2
1124,2109,528,-41,-67,1354,1884,2111,2595,1537,913,1683,1
224,1387,530,2098,960,667,600,2080,1223,1118,364,1311,2
278,115,1406,16,313,658,1965,709,2217,191,1729,1100,2
1121,2079,394,-177,31,1313,1889,2187,2632,1424,942,1506,1
1142,2059,340,-97,-75,1373,1860,2214,2628,1426,922,1636,1
1144,1531,1241,1164,642,1055,1001,2383,2589,666,1380,1086,0
572,757,1380,814,1828,146,670,864,1722,432,1063,653,1
1020,1708,1457,1133,750,1146,1030,2268,2534,770,1475,1138,0
1156,1458,1967,1569,636,651,1600,566,1693,1230,508,379,3
159,1478,542,2312,913,677,655,1960,1126,916,338,1322,2
931,1699,1353,1082,755,966,1025,2405,2545,710,1342,1273,0
1149,1556,1330,1123,651,968,1185,2329,2505,757,1365,1135,0
1204,1342,2018,1603,704,672,1622,654,1700,1202,497,421,3
259,132,1520,-112,290,592,2060,729,2290,225,1679,1056,3
165,1430,602,2143,845,653,584,2052,1261,985,320,1314,2
1070,2094,465,49,-103,1294,1866,2149,2542,1435,977,1681,1
1168,2093,377,-92,-121,1379,2011,2303,2570,1430,929,1699,1
553,856,1275,840,1888,172,530,783,1688,302,970,490,3
1073,2163,476,-12,9,1336,1883,2149,2569,1472,922,1640,1
1111,1376,1953,1544,566,667,1679,615,1665,1289,550,266,3
134,1432,488,2205,896,635,523,2175,1245,985,333,1383,2
1170,2175,431,-102,-179,1290,1883,2141,2563,1417,903,1580,1
679,913,1342,888,1978,79,495,730,1660,441,1033,650,0
1175,1399,1960,1461,582,693,1660,538,1643,1230,600,388,3
236,1429,604,2118,1008,652,628,2040,1240,1069,301,1236,2
1162,1986,439,19,-28,1337,1840,2201,2530,1355,1014,1635,1
677,762,1394,858,1914,169,508,814,1746,501,985,649,1
977,1644,1356,970,631,990,1066,2307,2432,745,1468,1173,0
227,1463,582,2072,985,653,589,2111,1184,1004,315,1340,2
1112,1770,1436,1114,823,1044,999,2324,2451,675,1464,1147,0
987,1582,1359,1165,789,1034,1117,2304,2504,699,1400,1131,0
1121,2143,486,-130,15,1274,1805,2204,2596,1420,882,1593,1
239,1452,487,2230,882,635,550,2051,1134,1146,299,1322,2
589,661,1420,749,1854,146,536,723,1666,482,950,627,1
620,753,1399,911,1914,158,539,774,1586,428,933,617,3
1292,1541,1985,1505,641,675,1736,661,1847,1217,721,436,3
181,1549,621,2092,901,633,677,2089,1232,1062,272,1281,2
1166,2018,394,10,-97,1415,1788,2274,2477,1411,992,1598,1
1275,1398,1974,1383,618,725,1693,615,1817,1266,559,422,3
319,1405,455,2178,1033,649,581,2068,1076,1031,320,1298,2
323,190,1519,62,289,560,1958,645,2194,161,1711,1003,1
648,762,1243,863,1878,59,574,875,1785,451,1015,667,0
1124,1655,1425,1087,730,950,994,2300,2587,723,1394,1084,0
592,714,1388,951,1894,83,471,862,1695,454,919,649,2
239,1527,550,2218,939,628,723,1916,1145,1032,286,1328,2
670,805,1318,901,1836,209,439,896,1721,316,888,644,3
1111,1657,1389,1053,748,1029,981,2344,2371,722,1425,1207,0
912,2192,491,-161,-43,1316,1860,2215,2440,1541,933,1611,1
180,1264,584,2188,915,672,559,1922,1054,1025,384,1291,2
640,736,1358,826,1854,186,479,861,1543,362,955,572,0
1161,1543,1339,1215,658,971,1109,2298,2514,685,1410,1147,0
1064,1583,1373,1151,724,887,1089,2310,2488,632,1423,1172,0
1331,1357,1986,1466,515,721,1624,652,1769,1240,548,409,3
315,125,1416,145,304,595,2014,600,1993,185,1684,932,0
609,663,1245,862,1855,169,437,788,1694,463,971,771,1
663,689,1392,895,1953,168,509,919,1724,406,899,725,2
622,746,1334,823,1727,134,554,895,1617,443,894,636,0
454,156,1507,161,467,663,1888,619,2133,204,1756,1041,0
1184,1377,2006,1379,618,708,1748,642,1716,1244,637,436,3
655,651,1265,805,1779,160,430,792,1697,492,975,644,0
425,142,1397,120,289,625,1909,720,2123,146,1637,1054,2
1031,1615,1340,1043,741,983,1068,2320,2440,616,1474,1101,0
1039,2155,475,-191,-60,1247,1877,2115,2491,1405,916,1683,1
1288,1280,1927,1313,669,666,1634,618,1733,1244,504,421,3
1125,1739,1384,1181,788,999,1053,2190,2470,705,1439,1153,0
576,784,1254,923,1872,245,482,804,1561,479,1007,611,2
616,905,1379,674,1808,127,412,764,1759,496,915,634,3
345,1413,517,2270,941,717,664,1943,1208,1057,323,1345,2
210,1383,631,2167,969,659,545,2115,1028,1077,315,1302,2
717,804,1248,853,1896,170,511,797,1613,553,895,725,3
1007,1488,1356,1202,727,995,1064,2348,2393,625,1375,1211,0
1141,2112,442,-203,-27,1361,1900,2240,2404,1437,991,1559,1
1172,2120,437,-245,-70,1289,1801,2295,2459,1379,932,1629,1
1261,1347,1985,1619,660,681,1599,475,1769,1184,679,467,3
1024,1677,1331,996,819,1049,1117,2303,2572,655,1365,1189,0
660,926,1379,699,1879,188,499,901,1682,411,1026,650,0
1209,1273,1841,1524,627,728,1682,522,1853,1322,549,417,3
292,112,1519,195,239,643,2082,737,2202,145,1615,1054,3
1214,2131,420,-176,-132,1352,1853,2247,2541,1474,913,1587,1
1149,1559,1512,1017,725,1078,1072,2333,2467,686,1409,1237,0
1099,1574,1276,1163,694,939,1164,2322,2417,625,1445,1105,0
245,1280,498,2112,982,627,679,2059,1331,965,241,1180,2
1153,2026,489,3,-106,1389,1850,2133,2417,1478,942,1653,1
1296,1319,2012,1565,519,715,1685,674,1842,1096,612,341,3
274,1467,512,2197,968,743,653,2096,1070,999,285,1309,2
1170,2049,391,-106,-50,1366,1844,2280,2609,1427,894,1542,1
1078,2059,315,-163,-149,1334,1966,2238,2571,1480,975,1584,1
1307,1346,2050,1441,694,746,1859,650,1606,1100,625,450,3
690,768,1270,704,1841,144,558,831,1802,521,971,682,0
1076,1500,1369,1057,799,1088,1156,2335,2459,630,1441,1171,0
683,745,1317,841,1880,206,508,942,1714,459,1029,611,3
1346,1426,2018,1508,601,753,1709,602,1620,1157,623,413,3
282,136,1455,128,238,417,1891,677,2185,281,1690,1006,3
322,102,1469,82,286,565,1924,640,2232,157,1754,1180,1
268,270,1392,-141,226,607,2041,647,2331,192,1672,1028,3
1149,1273,2006,1480,588,662,1602,616,1614,1160,557,470,3
1109,2122,445,42,-63,1292,1914,2218,2563,1432,864,1632,1
224,1384,483,2214,959,690,717,2115,1316,1073,346,1289,2
255,1378,541,2032,991,670,578,1958,1141,963,332,1255,2
1107,2169,396,-91,-50,1314,1867,2289,2576,1464,919,1651,1
223,1546,579,2059,945,806,464,2128,1146,1052,361,1239,2
332,78,1389,106,234,603,2007,726,2113,194,1618,1124,1
1138,1646,1343,1159,707,1035,1004,2324,2550,679,1425,1093,0
241,107,1493,146,357,537,1955,756,2180,184,1666,1097,1
143,1373,553,2025,983,692,656,2062,1083,1006,328,1354,2
311,165,1443,-31,369,546,2004,640,2120,234,1657,1046,3
648,834,1271,916,1873,134,401,894,1709,480,900,642,3
1132,2185,474,-124,-21,1263,1810,2254,2512,1533,973,1584,1
1070,2138,462,-49,-104,1381,1758,2296,2629,1523,932,1551,1
1165,1579,1344,1127,735,1001,1104,2347,2582,732,1425,1056,0
609,731,1295,818,1766,156,447,780,1782,490,882,594,1
195,1399,576,2230,984,634,643,2012,1309,1002,323,1296,2
525,774,1332,767,1755,133,471,865,1746,442,971,580,3
584,766,1248,766,1825,149,458,836,1617,498,933,739,1
1176,2175,498,-65,-174,1222,1752,2238,2532,1453,920,1565,1
379,115,1401,1,256,616,1950,686,2117,140,1664,1050,0
1145,2080,343,-76,-104,1335,1950,2250,2512,1392,886,1677,1
1086,2252,385,-119,-162,1410,1896,2254,2620,1367,923,1600,1
149,103,1436,155,344,607,1987,749,2179,258,1684,1017,2
263,1353,564,2135,969,598,597,2161,1175,1027,298,1314,2
369,142,1430,33,302,607,2091,653,2306,193,1620,1037,1
738,719,1422,921,1880,69,421,803,1671,436,873,751,2
383,148,1392,146,357,572,1956,610,2174,167,1651,996,2
378,60,1415,-143,399,475,2033,684,2153,244,1689,1075,1
246,218,1486,63,362,627,2009,767,2341,39,1649,1098,1
588,747,1320,805,1978,146,476,823,1823,500,960,621,3
1134,1541,1339,1142,723,1018,1093,2224,2474,647,1365,1106,0
1114,2276,474,-89,35,1373,1779,2293,2504,1434,952,1557,1
1338,1411,1927,1461,538,682,1688,703,1651,1193,710,464,3
397,161,1485,146,212,617,1948,654,2252,154,1689,1135,1
700,816,1286,837,1794,192,415,794,1784,482,969,668,1
654,769,1400,859,1846,231,574,795,1683,468,967,711,2
391,45,1522,73,231,575,1910,661,2161,152,1741,1019,2
1133,2159,359,-78,-143,1238,1889,2291,2564,1437,880,1659,1
284,237,1520,29,235,587,2052,733,2275,233,1629,1043,0
467,258,1472,24,297,613,2108,670,2234,179,1697,1051,1
296,213,1456,41,318,604,2026,719,2168,231,1633,1122,3
1141,1537,1379,1118,858,1023,1014,2285,2434,701,1393,1055,0
1056,2148,353,-274,-110,1348,1848,2316,2559,1397,928,1527,1
626,641,1297,889,1926,138,412,867,1786,465,962,635,1
294,1430,593,2188,942,546,623,2104,1123,1121,361,1394,2
277,121,1479,-27,333,572,1961,666,2291,175,1685,1092,3
644,869,1414,968,1850,98,397,885,1762,369,984,619,1
1145,2178,492,-114,-46,1358,1914,2207,2678,1401,976,1604,1
1100,2172,439,-223,-133,1405,1891,2158,2608,1496,928,1640,1
636,662,1325,848,1779,132,581,833,1808,492,986,529,1
293,166,1427,-5,306,564,1859,668,2212,160,1599,1061,2
1248,1194,2041,1493,592,715,1703,557,1741,1121,671,426,3
1126,2186,417,-139,-5,1336,1793,2173,2552,1565,930,1587,1
1248,1353,1907,1460,522,729,1848,639,1832,1225,540,462,3
1094,1636,1350,1128,843,1003,969,2343,2494,695,1407,1156,0
1027,1534,1480,1106,701,1060,1051,2327,2363,707,1441,1062,0
1225,1426,1984,1541,588,647,1684,612,1612,1230,588,503,3
1051,1742,1307,993,805,1044,1011,2218,2687,697,1431,1169,0
1303,1451,1992,1438,553,679,1655,614,1818,1046,546,430,3
332,198,1449,-4,259,502,1937,668,2286,134,1612,1135,0
349,177,1585,113,453,529,1975,657,2234,165,1681,1025,2
322,1482,554,2159,910,668,631,2099,1173,1068,365,1322,2
1040,1519,1363,1080,778,1018,1094,2248,2486,671,1376,1186,0
559,661,1294,793,1812,158,502,763,1689,427,881,640,1
399,178,1430,45,477,663,1897,684,2210,182,1682,1029,2
1216,1331,2005,1471,515,811,1793,515,1582,1143,594,455,3
1046,1505,1525,1085,660,1001,1077,2295,2439,789,1387,1088,0
191,1518,592,2207,940,768,630,2035,1149,1002,359,1199,2
381,163,1474,87,211,521,1952,733,2211,189,1661,1094,3
211,187,1453,4,200,543,1912,676,2187,199,1647,1021,0
1094,1594,1297,1111,837,1058,1094,2203,2543,698,1431,1175,0
1111,2089,476,-110,-41,1382,2005,2340,2615,1357,917,1575,1
1150,1703,1410,1089,750,1062,1051,2415,2428,636,1367,1120,0
301,179,1496,-25,256,546,2087,645,2230,245,1636,1045,1
293,1424,541,2125,904,658,605,2036,1390,979,336,1319,2
369,166,1539,168,197,591,2031,599,2155,131,1702,991,1
1080,1724,1449,1173,674,1040,997,2274,2524,696,1388,1221,0
1062,1697,1426,1184,708,897,1203,2187,2503,819,1422,1203,0
1273,1381,1987,1573,615,751,1731,641,1783,1190,610,449,3
234,266,1485,145,240,680,1963,676,2123,152,1637,1147,1
733,799,1320,891,2030,120,489,691,1542,479,921,585,1
281,1627,514,2043,1024,658,733,2169,1079,977,256,1304,2
159,1362,594,2087,977,729,690,1986,1092,879,347,1244,2
174,1454,494,2208,925,722,557,2045,1202,989,385,1464,2
1167,2096,371,-113,-53,1306,1828,2288,2556,1451,951,1568,1
1049,1511,1413,1072,756,1018,1100,2325,2449,615,1342,1185,0
1095,1380,1990,1365,689,677,1677,603,1737,1262,620,408,3
1156,2226,416,56,-111,1352,2012,2211,2564,1486,940,1524,1
198,1420,555,2118,809,625,577,2063,1220,1039,338,1262,2
1092,2083,413,33,-37,1395,1848,2253,2451,1502,951,1607,1
1174,1345,1993,1524,657,709,1600,632,1785,1244,635,307,3
1037,1624,1502,1168,753,1059,1056,2415,2582,686,1419,1131,0
1028,2042,450,-122,-89,1375,1904,2319,2511,1513,923,1686,1
647,739,1323,888,1868,149,502,752,1554,385,959,605,3
1221,1410,2038,1460,612,634,1796,614,1818,1197,616,443,3
360,1444,504,2258,999,637,682,2096,1222,1030,252,1294,2
1138,1589,1373,1093,725,975,1063,2384,2501,690,1380,1146,0
473,328,1570,115,194,513,2045,685,2234,215,1644,1033,0
297,1431,575,2298,907,751,753,1969,1196,1027,381,1375,2
392,1465,591,2168,965,652,656,2000,1089,1029,330,1248,2
1187,1467,1408,1169,709,1014,1041,2266,2481,600,1457,1210,0
1143,2034,568,-87,-10,1352,1826,2160,2557,1408,940,1640,1
209,54,1457,23,306,491,2080,744,2148,240,1724,930,0
1080,2185,400,-182,-53,1356,1963,2253,2493,1464,977,1603,1
299,1378,499,2132,934,641,539,2079,1148,1040,429,1211,2
1235,1397,2053,1563,743,625,1716,529,1660,1291,588,404,3
1076,1673,1303,1095,805,998,995,2197,2710,650,1354,1109,0
1216,1602,1390,1227,803,967,1113,2295,2479,692,1462,1104,0
260,218,1514,-97,384,588,2006,672,2148,239,1681,1092,1
1121,1614,1444,1098,726,1006,933,2189,2414,760,1446,1226,0
690,758,1300,710,1890,131,486,769,1601,446,925,705,0
226,190,1500,163,338,532,1998,701,2251,240,1711,1005,0
1119,1606,1365,1200,691,1054,1021,2327,2614,674,1427,1162,0
339,131,1497,96,301,617,2019,670,2231,200,1718,1049,3
195,1433,666,2180,1000,678,707,2078,1169,1010,317,1347,2
1311,1397,2069,1532,655,640,1609,575,1671,1133,529,423,3
726,720,1366,913,1919,103,586,707,1753,397,941,677,1
296,40,1419,58,289,651,1987,631,2066,184,1651,1007,0
347,1365,593,2228,991,674,638,1949,1125,1062,354,1256,2
693,784,1280,877,1893,127,624,838,1719,458,980,679,3
1217,1362,1973,1375,566,742,1701,600,1725,1252,560,387,3
1160,2252,381,-109,-128,1338,1872,2282,2587,1395,956,1587,1
1273,1414,2064,1467,632,700,1658,668,1754,1208,554,465,3
247,93,1514,75,253,525,2023,682,1969,104,1749,1052,0
285,1393,555,2218,952,637,573,2043,1278,938,362,1327,2
1063,1636,1360,1006,799,1047,980,2302,2570,690,1442,1156,0
176,140,1424,103,191,557,1975,697,2213,122,1722,1106,3
195,1425,557,1992,892,717,617,2034,1230,1052,399,1346,2
1254,1397,2066,1484,487,663,1605,660,1718,1172,560,414,3
1058,1640,1403,1290,830,1009,1074,2343,2508,686,1411,1199,0
316,1458,574,2204,863,622,733,2134,1220,972,377,1316,2
193,1296,563,2256,885,723,685,2045,1103,998,416,1291,2
327,236,1563,139,191,531,1967,732,2014,178,1752,1051,3
340,164,1546,27,191,629,1843,631,2235,236,1679,1022,3
1083,1599,1327,1108,748,1028,1075,2248,2436,720,1413,1163,0
1150,1429,2041,1545,633,654,1598,621,1834,1253,551,357,3
342,187,1479,-54,206,540,1893,635,2257,290,1660,1022,2
1076,2047,450,-32,-7,1385,1852,2213,2603,1404,983,1625,1
997,1675,1340,1043,816,990,1151,2304,2530,707,1340,1056,0
1248,1295,1995,1354,671,733,1673,467,1729,1198,566,353,3
1177,1361,2073,1573,674,717,1486,727,1821,1187,567,442,3
122,1496,613,2242,920,680,663,2139,1037,1063,312,1293,2
308,211,1548,-120,276,621,1898,795,2256,199,1619,1003,2
1071,1596,1365,1129,782,1050,995,2197,2612,653,1381,1124,0
1211,1383,1994,1482,623,688,1599,631,1696,1192,542,439,3
1181,2057,473,79,-31,1307,1829,2313,2457,1387,897,1536,1
1069,1601,1335,1103,654,1053,982,2298,2396,658,1404,1062,0
1057,2089,407,-85,-120,1256,1858,2229,2481,1398,907,1584,1
1024,2235,499,-66,-59,1419,1936,2238,2522,1428,996,1661,1
